[
  {
    "name": "A.&I. Zbinden Velos Motos",
    "Phone": "+41318292457",
    "ShippingCity": "Kirchlindach",
    "ShippingStreet": "Leutschenstrasse 1",
    "ShippingCountry": "Switzerland",
    "ShippingCountryCode": "CH",
    "ShippingLatitude": "47.0005138",
    "ShippingLongitude": "7.4067706",
    "ShippingPostalCode": "3038",
    "status": ""
  },
  {
    "name": "Autowerkstatt-KARO - GbR",
    "Phone": "004902084396699",
    "ShippingCity": "Muelheim a. d. Ruhr",
    "ShippingStreet": "Elbestr. 3",
    "ShippingCountry": "Germany",
    "ShippingCountryCode": "DE",
    "ShippingLatitude": "51.4315749",
    "ShippingLongitude": "6.8568753",
    "ShippingPostalCode": "45478",
    "status": ""
  },
  {
    "name": "BCS & Sen Automobile",
    "Phone": "07531694391",
    "ShippingCity": "Konstanz",
    "ShippingStreet": "Maybachstraße 4a",
    "ShippingCountry": "Germany",
    "ShippingCountryCode": "DE",
    "ShippingLatitude": "33.5103162",
    "ShippingLongitude": "-86.8421125",
    "ShippingPostalCode": "78467",
    "status": ""
  },
  {
    "name": "Zweirad Stannek",
    "Phone": "03338759843",
    "ShippingCity": "Bernau",
    "ShippingStreet": "Im Blumenhag 28",
    "ShippingCountry": "Germany",
    "ShippingCountryCode": "DE",
    "ShippingLatitude": "52.6784611",
    "ShippingLongitude": "13.5722351",
    "ShippingPostalCode": "16321",
    "status": ""
  },
  {
    "name": "2 Rad Basilisk AG",
    "Phone": "+41 61 2722222",
    "ShippingCity": "Basel",
    "ShippingStreet": "59 Margarethenstrasse",
    "ShippingCountry": "Switzerland",
    "ShippingCountryCode": "CH",
    "ShippingLatitude": "47.545973",
    "ShippingLongitude": "7.583795200000001",
    "ShippingPostalCode": "4053",
    "status": ""
  },
  {
    "name": "A. Kaiser Bosch Carservice",
    "Phone": "051024514",
    "ShippingCity": "Laatzen",
    "ShippingStreet": "Gleidinger Str. 14",
    "ShippingCountry": "Germany",
    "ShippingCountryCode": "DE",
    "ShippingLatitude": "52.2795342",
    "ShippingLongitude": "9.885123199999999",
    "ShippingPostalCode": "30880",
    "status": ""
  },
  {
    "name": "Albrecht KFZ Technik",
    "Phone": "0049217321399",
    "ShippingCity": "Langenfeld",
    "ShippingStreet": "Herzogstr. 9",
    "ShippingCountry": "Germany",
    "ShippingCountryCode": "DE",
    "ShippingLatitude": "51.1238375",
    "ShippingLongitude": "6.9702053",
    "ShippingPostalCode": "40764",
    "status": ""
  },
  {
    "name": "Autobedrijf Pheifer B.V.",
    "Phone": "+31515415825",
    "ShippingCity": "Sneek",
    "ShippingStreet": "Alexanderstraat12",
    "ShippingCountry": "Netherlands",
    "ShippingCountryCode": "NL",
    "ShippingLatitude": "53.0234756",
    "ShippingLongitude": "5.6757173",
    "ShippingPostalCode": "8606 VP",
    "status": ""
  },
  {
    "name": "Autobedrijf van Huffelen",
    "Phone": "+31578692924",
    "ShippingCity": "Heerde",
    "ShippingStreet": "Brugstraat 4",
    "ShippingCountry": "Netherlands",
    "ShippingCountryCode": "NL",
    "ShippingLatitude": "52.38950819999999",
    "ShippingLongitude": "6.0510126",
    "ShippingPostalCode": "8181 VH",
    "status": ""
  },
  {
    "name": "Autobedrijf Weerheim",
    "Phone": "+31152146328",
    "ShippingCity": "Rijskijk",
    "ShippingStreet": "Haantje 17",
    "ShippingCountry": "Netherlands",
    "ShippingCountryCode": "NL",
    "ShippingLatitude": "52.0212413",
    "ShippingLongitude": "4.3445219",
    "ShippingPostalCode": "2288 CV",
    "status": ""
  },
  {
    "name": "Autogroep Bos en Slegers",
    "Phone": "+31402522425",
    "ShippingCity": "Eindhoven",
    "ShippingStreet": "Steenoven 28",
    "ShippingCountry": "Netherlands",
    "ShippingCountryCode": "NL",
    "ShippingLatitude": "51.4838158",
    "ShippingLongitude": "5.425769499999999",
    "ShippingPostalCode": "5626 DK",
    "status": ""
  },
  {
    "name": "Autohaus Marsani e.K.(KFZ)",
    "Phone": "+49232496930",
    "ShippingCity": "Hattingen",
    "ShippingStreet": "Im Vogelsang 99",
    "ShippingCountry": "Germany",
    "ShippingCountryCode": "DE",
    "ShippingLatitude": "51.40000000000001",
    "ShippingLongitude": "7.21534",
    "ShippingPostalCode": "45527",
    "status": ""
  },
  {
    "name": "Autohaus Stieber GmbH",
    "Phone": "004971180609427",
    "ShippingCity": "Stuttgart",
    "ShippingStreet": "Emerholzweg 5",
    "ShippingCountry": "Germany",
    "ShippingCountryCode": "DE",
    "ShippingLatitude": "48.8539697",
    "ShippingLongitude": "9.1505195",
    "ShippingPostalCode": "70439",
    "status": ""
  },
  {
    "name": "Autohof Leinestraße GbR",
    "Phone": "+493413366965",
    "ShippingCity": "Leipzig",
    "ShippingStreet": "Leinestr. 83",
    "ShippingCountry": "Germany",
    "ShippingCountryCode": "DE",
    "ShippingLatitude": "51.2869136",
    "ShippingLongitude": "12.4104243",
    "ShippingPostalCode": "4279",
    "status": ""
  },
  {
    "name": "Autotechnik Janssen BCS",
    "Phone": "00496131507026",
    "ShippingCity": "Mainz",
    "ShippingStreet": "Wilhelm-Maybach-Str. 17",
    "ShippingCountry": "Germany",
    "ShippingCountryCode": "DE",
    "ShippingLatitude": "49.9590969",
    "ShippingLongitude": "8.2566315",
    "ShippingPostalCode": "55129",
    "status": ""
  },
  {
    "name": "B&L Fahrzeugtechnik GmbH",
    "Phone": "00497112597695",
    "ShippingCity": "Stuttgart",
    "ShippingStreet": "Lerchenstr. 57-59",
    "ShippingCountry": "Germany",
    "ShippingCountryCode": "DE",
    "ShippingLatitude": "48.7808125",
    "ShippingLongitude": "9.1577932",
    "ShippingPostalCode": "70176",
    "status": ""
  },
  {
    "name": "BCS Auto Katz",
    "Phone": "+49511575026",
    "ShippingCity": "Hannover",
    "ShippingStreet": "Hannoversche Str. 128",
    "ShippingCountry": "Germany",
    "ShippingCountryCode": "DE",
    "ShippingLatitude": "52.3848004",
    "ShippingLongitude": "9.8272281",
    "ShippingPostalCode": "30627",
    "status": ""
  },
  {
    "name": "BCS Autohaus Sorg",
    "Phone": "004971719098280",
    "ShippingCity": "Schwaebisch Gmuend",
    "ShippingStreet": "Lorcher Str. 38",
    "ShippingCountry": "Germany",
    "ShippingCountryCode": "DE",
    "ShippingLatitude": "48.7990807",
    "ShippingLongitude": "9.784999599999999",
    "ShippingPostalCode": "73525",
    "status": ""
  },
  {
    "name": "BCS Berlin G. Holtz & Co.",
    "Phone": "0049303917854",
    "ShippingCity": "Berlin",
    "ShippingStreet": "Dovestr. 7",
    "ShippingCountry": "Germany",
    "ShippingCountryCode": "DE",
    "ShippingLatitude": "52.52064264",
    "ShippingLongitude": "13.320180874",
    "ShippingPostalCode": "10587",
    "status": ""
  },
  {
    "name": "BCS Bremen Seelig GmbH&Co.KG",
    "Phone": "042 149 9990",
    "ShippingCity": "Bremen",
    "ShippingStreet": "Grosse Sortillenstr. 32",
    "ShippingCountry": "Germany",
    "ShippingCountryCode": "DE",
    "ShippingLatitude": "53.07929619999999",
    "ShippingLongitude": "8.8016937",
    "ShippingPostalCode": "28199",
    "status": ""
  },
  {
    "name": "BCS Brünker&Heinemann GmbH",
    "Phone": "0049221386331",
    "ShippingCity": "Köln",
    "ShippingStreet": "Bonner Wall 39",
    "ShippingCountry": "Germany",
    "ShippingCountryCode": "DE",
    "ShippingLatitude": "50.9177183",
    "ShippingLongitude": "6.9495757",
    "ShippingPostalCode": "50677",
    "status": ""
  },
  {
    "name": "BCS Christl Noack",
    "Phone": "497 471 4177",
    "ShippingCity": "Hechingen",
    "ShippingStreet": "Daimlerstraße 7",
    "ShippingCountry": "Germany",
    "ShippingCountryCode": "DE",
    "ShippingLatitude": "48.3664453",
    "ShippingLongitude": "8.9637516",
    "ShippingPostalCode": "72379",
    "status": ""
  },
  {
    "name": "BCS Deschler GmbH",
    "Phone": "0049078317200",
    "ShippingCity": "Schwaebisch Hall",
    "ShippingStreet": "Crailsheimer Str. 65",
    "ShippingCountry": "Germany",
    "ShippingCountryCode": "DE",
    "ShippingLatitude": "49.1188305",
    "ShippingLongitude": "9.7492384",
    "ShippingPostalCode": "74523",
    "status": ""
  },
  {
    "name": "BCS Dresden Mezger GmbH&Co KG",
    "Phone": "0049351876750",
    "ShippingCity": "Dresden",
    "ShippingStreet": "Wiener Str. 45",
    "ShippingCountry": "Germany",
    "ShippingCountryCode": "DE",
    "ShippingLatitude": "51.03533",
    "ShippingLongitude": "13.75117",
    "ShippingPostalCode": "01219",
    "status": ""
  },
  {
    "name": "BCS Ergolding Stangl KG",
    "Phone": "087173332",
    "ShippingCity": "Ergolding",
    "ShippingStreet": "Meisenstrasse 22",
    "ShippingCountry": "Germany",
    "ShippingCountryCode": "DE",
    "ShippingLatitude": "48.55921",
    "ShippingLongitude": "12.1569",
    "ShippingPostalCode": "84030",
    "status": ""
  },
  {
    "name": "BCS Falkensee Autohaus Tehrani",
    "Phone": "03322232838",
    "ShippingCity": "Falkensee",
    "ShippingStreet": "Krefelder Str.5",
    "ShippingCountry": "Germany",
    "ShippingCountryCode": "DE",
    "ShippingLatitude": "52.56267159999999",
    "ShippingLongitude": "13.1162557",
    "ShippingPostalCode": "14612",
    "status": ""
  },
  {
    "name": "BCS Fuchs GmbH Fuerth",
    "Phone": "00499117849081",
    "ShippingCity": "Fürth",
    "ShippingStreet": "Georg-Benda-Strasse 7",
    "ShippingCountry": "Germany",
    "ShippingCountryCode": "DE",
    "ShippingLatitude": "49.446516",
    "ShippingLongitude": "10.994804",
    "ShippingPostalCode": "90763",
    "status": ""
  },
  {
    "name": "BCS Hirz GmbH & Co.KG",
    "Phone": "497 571 5885",
    "ShippingCity": "Sigmaringen",
    "ShippingStreet": "Gorheimer Straße 25",
    "ShippingCountry": "Germany",
    "ShippingCountryCode": "DE",
    "ShippingLatitude": "48.0885852",
    "ShippingLongitude": "9.1984843",
    "ShippingPostalCode": "72488",
    "status": ""
  },
  {
    "name": "BCS Höchberg Mezger GmbH",
    "Phone": "09314978241",
    "ShippingCity": "Höchberg",
    "ShippingStreet": "Einsteinstraße 2",
    "ShippingCountry": "Germany",
    "ShippingCountryCode": "DE",
    "ShippingLatitude": "49.77300169999999",
    "ShippingLongitude": "9.8706123",
    "ShippingPostalCode": "97204",
    "status": ""
  },
  {
    "name": "BCS Kfr Schwirtlich GmbH",
    "Phone": "498 061 5522",
    "ShippingCity": "Bad Aibling",
    "ShippingStreet": "Daimler Str. 1",
    "ShippingCountry": "Germany",
    "ShippingCountryCode": "DE",
    "ShippingLatitude": "47.8726686",
    "ShippingLongitude": "12.0150834",
    "ShippingPostalCode": "83043",
    "status": ""
  },
  {
    "name": "BCS Kfz-Technik Wickfelder",
    "Phone": "(+49)091855108",
    "ShippingCity": "Biberach",
    "ShippingStreet": "Freiburger Str. 43",
    "ShippingCountry": "Germany",
    "ShippingCountryCode": "DE",
    "ShippingLatitude": "48.1066825",
    "ShippingLongitude": "9.7931721",
    "ShippingPostalCode": "88400",
    "status": ""
  },
  {
    "name": "BCS Krefeld R. Treeker",
    "Phone": "00492151155700",
    "ShippingCity": "Krefeld",
    "ShippingStreet": "Emil-Schäfer-Straße 75-77",
    "ShippingCountry": "Germany",
    "ShippingCountryCode": "DE",
    "ShippingLatitude": "51.3546705",
    "ShippingLongitude": "6.6232164",
    "ShippingPostalCode": "47800",
    "status": ""
  },
  {
    "name": "BCS Lörrach Grimmeisen & Co GmbH",
    "Phone": "+49762193270",
    "ShippingCity": "Lörrach",
    "ShippingStreet": "Brombacherstr. 87",
    "ShippingCountry": "Germany",
    "ShippingCountryCode": "DE",
    "ShippingLatitude": "47.6235352",
    "ShippingLongitude": "7.6755393",
    "ShippingPostalCode": "79539",
    "status": ""
  },
  {
    "name": "BCS Metzinger GmbH",
    "Phone": "0049681992670",
    "ShippingCity": "Saarbrücken",
    "ShippingStreet": "Koblenzer Str. 62",
    "ShippingCountry": "Germany",
    "ShippingCountryCode": "DE",
    "ShippingLatitude": "49.2413931",
    "ShippingLongitude": "6.9395655",
    "ShippingPostalCode": "66115",
    "status": ""
  },
  {
    "name": "BCS Mezger GmbH Bergtheim",
    "Phone": "+499721655154",
    "ShippingCity": "Bergtheim",
    "ShippingStreet": "Am Bergl 17 1/2",
    "ShippingCountry": "Germany",
    "ShippingCountryCode": "DE",
    "ShippingLatitude": "50.0384109",
    "ShippingLongitude": "10.2066168",
    "ShippingPostalCode": "97424",
    "status": ""
  },
  {
    "name": "BCS Mezger GmbH & Co. KG Leipzig",
    "Phone": "493 414 4870",
    "ShippingCity": "Leipzig",
    "ShippingStreet": "Schomburgkstrasse 7",
    "ShippingCountry": "Germany",
    "ShippingCountryCode": "DE",
    "ShippingLatitude": "51.3381955",
    "ShippingLongitude": "12.296894",
    "ShippingPostalCode": "4179",
    "status": ""
  },
  {
    "name": "BCS Osse GmbH",
    "Phone": "+493641282881",
    "ShippingCity": "Jena",
    "ShippingStreet": "Damaschkeweg 65",
    "ShippingCountry": "Germany",
    "ShippingCountryCode": "DE",
    "ShippingLatitude": "50.8999645",
    "ShippingLongitude": "11.5853781",
    "ShippingPostalCode": "7745",
    "status": ""
  },
  {
    "name": "BCS Schweinfurt Mezger GmbH&CoKG",
    "Phone": "+499721655154",
    "ShippingCity": "Schweinfurt",
    "ShippingStreet": "Sven-Wingquist-Str. 2",
    "ShippingCountry": "Germany",
    "ShippingCountryCode": "DE",
    "ShippingLatitude": "50.0303426",
    "ShippingLongitude": "10.2299035",
    "ShippingPostalCode": "97424",
    "status": ""
  },
  {
    "name": "BCS Wagener Technik GmbH",
    "Phone": "+495619587150",
    "ShippingCity": "Kassel",
    "ShippingStreet": "Falderbaumstr. 25",
    "ShippingCountry": "Germany",
    "ShippingCountryCode": "DE",
    "ShippingLatitude": "51.2777071",
    "ShippingLongitude": "9.5010976",
    "ShippingPostalCode": "34123",
    "status": ""
  },
  {
    "name": "Wöhrle GmbH",
    "Phone": "01636410736",
    "ShippingCity": "Kempten",
    "ShippingStreet": "Bosch Service",
    "ShippingCountry": "Germany",
    "ShippingCountryCode": "DE",
    "ShippingLatitude": "47.7619806",
    "ShippingLongitude": "10.3278887",
    "ShippingPostalCode": "87437",
    "status": ""
  },
  {
    "name": "BCS Zitta Robert e.U.",
    "Phone": "+43732650000",
    "ShippingCity": "Linz",
    "ShippingStreet": "Hollabererstr. 5",
    "ShippingCountry": "Austria",
    "ShippingCountryCode": "AT",
    "ShippingLatitude": "48.301398",
    "ShippingLongitude": "14.327264",
    "ShippingPostalCode": "4020",
    "status": ""
  },
  {
    "name": "BCS-Kadykov",
    "Phone": "0731-97716090",
    "ShippingCity": "Neu-Ulm",
    "ShippingStreet": "Zeppelinstr. 15",
    "ShippingCountry": "Germany",
    "ShippingCountryCode": "DE",
    "ShippingLatitude": "48.38890190000001",
    "ShippingLongitude": "10.0196591",
    "ShippingPostalCode": "89231",
    "status": ""
  },
  {
    "name": "Bemoto GmbH Bechtiger Motos",
    "Phone": "+41443114830",
    "ShippingCity": "Dettighofen",
    "ShippingStreet": "Sonnenrain 22",
    "ShippingCountry": "Germany",
    "ShippingCountryCode": "DE",
    "ShippingLatitude": "47.6306975",
    "ShippingLongitude": "8.4703138",
    "ShippingPostalCode": "79802",
    "status": ""
  },
  {
    "name": "Bosch Car Service Amstelveen",
    "Phone": "+31203627028",
    "ShippingCity": "Amstelveen",
    "ShippingStreet": "Weverij 14",
    "ShippingCountry": "Netherlands",
    "ShippingCountryCode": "NL",
    "ShippingLatitude": "52.2906091",
    "ShippingLongitude": "4.8395385",
    "ShippingPostalCode": "1185 ZG",
    "status": ""
  },
  {
    "name": "Bosch Car Service Bernburg - Daniel Zahn",
    "Phone": "+4934718696545",
    "ShippingCity": "Bernburg",
    "ShippingStreet": "Dessauer Strasse 51",
    "ShippingCountry": "Germany",
    "ShippingCountryCode": "DE",
    "ShippingLatitude": "51.7990758",
    "ShippingLongitude": "11.7732717",
    "ShippingPostalCode": "6406",
    "status": ""
  },
  {
    "name": "Bosch Car Service Blickle Inh. Stadler",
    "Phone": "004975817306",
    "ShippingCity": "Bad Saulgau",
    "ShippingStreet": "Herbertinger Str. 31",
    "ShippingCountry": "Germany",
    "ShippingCountryCode": "DE",
    "ShippingLatitude": "48.02012",
    "ShippingLongitude": "9.4922003",
    "ShippingPostalCode": "88348",
    "status": ""
  },
  {
    "name": "Bosch Car Service IJsselstein",
    "Phone": "+31306880119",
    "ShippingCity": "Ijsselstein",
    "ShippingStreet": "Lage Dijk-Noord 11",
    "ShippingCountry": "Netherlands",
    "ShippingCountryCode": "NL",
    "ShippingLatitude": "52.0121421",
    "ShippingLongitude": "5.061665",
    "ShippingPostalCode": "3401 VA",
    "status": ""
  },
  {
    "name": "Bosch Car Service Meyers GmbH",
    "Phone": "(+49)0228470547",
    "ShippingCity": "Straelen",
    "ShippingStreet": "Rathausstrasse 47",
    "ShippingCountry": "Germany",
    "ShippingCountryCode": "DE",
    "ShippingLatitude": "51.44265859999999",
    "ShippingLongitude": "6.2743422",
    "ShippingPostalCode": "47638",
    "status": ""
  },
  {
    "name": "Bosch Car Service Valkenswaard",
    "Phone": "+31402075115",
    "ShippingCity": "Valkenswaard",
    "ShippingStreet": "Dragonder 2A",
    "ShippingCountry": "Netherlands",
    "ShippingCountryCode": "NL",
    "ShippingLatitude": "51.3400883",
    "ShippingLongitude": "5.4628745",
    "ShippingPostalCode": "5554 GM",
    "status": ""
  },
  {
    "name": "Brunn GmbH",
    "Phone": "+492286682209",
    "ShippingCity": "Bonn",
    "ShippingStreet": "Bendenweg 107",
    "ShippingCountry": "Germany",
    "ShippingCountryCode": "DE",
    "ShippingLatitude": "50.7384943",
    "ShippingLongitude": "7.057879499999999",
    "ShippingPostalCode": "53121",
    "status": ""
  },
  {
    "name": "City Car Service GmbH&Co. KG",
    "Phone": "00490211360511",
    "ShippingCity": "Düsseldorf",
    "ShippingStreet": "Oststr. 98-100",
    "ShippingCountry": "Germany",
    "ShippingCountryCode": "DE",
    "ShippingLatitude": "51.22244466",
    "ShippingLongitude": "6.78637522",
    "ShippingPostalCode": "40210",
    "status": ""
  },
  {
    "name": "Click n wheel",
    "Phone": "069 950 2080",
    "ShippingCity": "Bordeaux",
    "ShippingStreet": "59 Cours Victor Hugo",
    "ShippingCountry": "France",
    "ShippingCountryCode": "FR",
    "ShippingLatitude": "44.8357446",
    "ShippingLongitude": "-.5690742999999999",
    "ShippingPostalCode": "33000",
    "status": ""
  },
  {
    "name": "Danis Zweiradschmiede",
    "Phone": "(+49)0754134777",
    "ShippingCity": "Neustadt an der Aisch",
    "ShippingStreet": "Bahnhofstr.12",
    "ShippingCountry": "Germany",
    "ShippingCountryCode": "DE",
    "ShippingLatitude": "49.57794579999999",
    "ShippingLongitude": "10.6039257",
    "ShippingPostalCode": "91413",
    "status": ""
  },
  {
    "name": "Mekabike Lyon",
    "Phone": "047 860 3988",
    "ShippingCity": "Lyon",
    "ShippingStreet": "127 avenue maréchal de saxe",
    "ShippingCountry": "France",
    "ShippingCountryCode": "FR",
    "ShippingLatitude": "45.757102",
    "ShippingLongitude": "4.8465102",
    "ShippingPostalCode": "69003",
    "status": ""
  },
  {
    "name": "Doc Biker Nantes",
    "Phone": "+33228438781",
    "ShippingCity": "Nantes",
    "ShippingStreet": "223 boulevard Robert Schuman",
    "ShippingCountry": "France",
    "ShippingCountryCode": "FR",
    "ShippingLatitude": "47.244733",
    "ShippingLongitude": "-1.576081",
    "ShippingPostalCode": "44300",
    "status": ""
  },
  {
    "name": "Doc Biker Paris 12",
    "Phone": "(+33)0622771642",
    "ShippingCity": "Paris",
    "ShippingStreet": "11 boulevard Soult",
    "ShippingCountry": "France",
    "ShippingCountryCode": "FR",
    "ShippingLatitude": "48.8363209",
    "ShippingLongitude": "2.4071227",
    "ShippingPostalCode": "75012",
    "status": ""
  },
  {
    "name": "Doc Biker Paris 14",
    "Phone": "+33145405249",
    "ShippingCity": "Paris",
    "ShippingStreet": "185, Av du Maine",
    "ShippingCountry": "France",
    "ShippingCountryCode": "FR",
    "ShippingLatitude": "48.8307303",
    "ShippingLongitude": "2.3259986",
    "ShippingPostalCode": "75014",
    "status": ""
  },
  {
    "name": "Doc Biker Paris 16",
    "Phone": "+33981798001",
    "ShippingCity": "Paris",
    "ShippingStreet": "49, Av de Versailles",
    "ShippingCountry": "France",
    "ShippingCountryCode": "FR",
    "ShippingLatitude": "48.8483368",
    "ShippingLongitude": "2.2749569",
    "ShippingPostalCode": "75016",
    "status": ""
  },
  {
    "name": "Doc Biker Toulouse",
    "Phone": "+33561256278",
    "ShippingCity": "Toulouse",
    "ShippingStreet": "38 allée des Demoiselles",
    "ShippingCountry": "France",
    "ShippingCountryCode": "FR",
    "ShippingLatitude": "43.5894223",
    "ShippingLongitude": "1.4557602",
    "ShippingPostalCode": "31400",
    "status": ""
  },
  {
    "name": "Dr. W.-M. Schmid GmbH",
    "Phone": "(+49)0201591163",
    "ShippingCity": "Braunschweig",
    "ShippingStreet": "Aussigstr. 1",
    "ShippingCountry": "Germany",
    "ShippingCountryCode": "DE",
    "ShippingLatitude": "52.2688736",
    "ShippingLongitude": "10.5267696",
    "ShippingPostalCode": "38114",
    "status": ""
  },
  {
    "name": "eBike Frischmann",
    "Phone": "017643442583",
    "ShippingCity": "München",
    "ShippingStreet": "Brunhamstr. 21",
    "ShippingCountry": "Germany",
    "ShippingCountryCode": "DE",
    "ShippingLatitude": "48.1405767",
    "ShippingLongitude": "11.4263945",
    "ShippingPostalCode": "81249",
    "status": ""
  },
  {
    "name": "Ernst Lorch KG",
    "Phone": "+4907319845112",
    "ShippingCity": "Neu-Ulm",
    "ShippingStreet": "Carl-Zeiss-Straße 7",
    "ShippingCountry": "Germany",
    "ShippingCountryCode": "DE",
    "ShippingLatitude": "48.3898672",
    "ShippingLongitude": "10.0437623",
    "ShippingPostalCode": "89231",
    "status": ""
  },
  {
    "name": "Fahrrad Gärtner - Diego Mercuri",
    "Phone": "+496151371635",
    "ShippingCity": "Darmstadt",
    "ShippingStreet": "Frankfurter Landstr.108",
    "ShippingCountry": "Germany",
    "ShippingCountryCode": "DE",
    "ShippingLatitude": "49.9081547",
    "ShippingLongitude": "8.6566697",
    "ShippingPostalCode": "64291",
    "status": ""
  },
  {
    "name": "Fahrzeugtechnik - List",
    "Phone": "+4928588381151",
    "ShippingCity": "Hünxe",
    "ShippingStreet": "Bannemer Feld 32",
    "ShippingCountry": "Germany",
    "ShippingCountryCode": "DE",
    "ShippingLatitude": "51.64470379999999",
    "ShippingLongitude": "6.756780699999999",
    "ShippingPostalCode": "46569",
    "status": ""
  },
  {
    "name": "Falch Car Service GmbH",
    "Phone": "+4351234620811",
    "ShippingCity": "Innsbruck",
    "ShippingStreet": "Etrichgasse 40",
    "ShippingCountry": "Austria",
    "ShippingCountryCode": "AT",
    "ShippingLatitude": "47.26775929999999",
    "ShippingLongitude": "11.4326123",
    "ShippingPostalCode": "6020",
    "status": ""
  },
  {
    "name": "FB-Motorrad GmbH",
    "Phone": "0049617241091",
    "ShippingCity": "Oberursel (Taunus)",
    "ShippingStreet": "Hans-Mess-Str. 17",
    "ShippingCountry": "Germany",
    "ShippingCountryCode": "DE",
    "ShippingLatitude": "50.2218423",
    "ShippingLongitude": "8.5788842",
    "ShippingPostalCode": "61440",
    "status": ""
  },
  {
    "name": "Petra Freihube GmbH",
    "Phone": "0049642125850",
    "ShippingCity": "Marburg",
    "ShippingStreet": "Willy-Mock-Straße 1",
    "ShippingCountry": "Germany",
    "ShippingCountryCode": "DE",
    "ShippingLatitude": "50.7949615",
    "ShippingLongitude": "8.7559948",
    "ShippingPostalCode": "35037",
    "status": ""
  },
  {
    "name": "G. W. Fischer GmbH",
    "Phone": "+49605192380",
    "ShippingCity": "Gründau",
    "ShippingStreet": "Buedinger Str. 9",
    "ShippingCountry": "Germany",
    "ShippingCountryCode": "DE",
    "ShippingLatitude": "50.2085801",
    "ShippingLongitude": "9.136077799999999",
    "ShippingPostalCode": "63584",
    "status": ""
  },
  {
    "name": "Gailtaler Autoklinik KFZtech",
    "Phone": "+43428470025",
    "ShippingCity": "Kirchbach",
    "ShippingStreet": "Kirchbach 70",
    "ShippingCountry": "Austria",
    "ShippingCountryCode": "AT",
    "ShippingLatitude": "46.6411056",
    "ShippingLongitude": "13.1912403",
    "ShippingPostalCode": "9632",
    "status": ""
  },
  {
    "name": "Garagenbedrijf Kiefte",
    "Phone": "+31341561020",
    "ShippingCity": "Julianadorp",
    "ShippingStreet": "Schoolweg 72B",
    "ShippingCountry": "Netherlands",
    "ShippingCountryCode": "NL",
    "ShippingLatitude": "52.89561610000001",
    "ShippingLongitude": "4.7632267",
    "ShippingPostalCode": "1787 AW",
    "status": ""
  },
  {
    "name": "Häusler Automobil GmbH & Co. KG-München",
    "Phone": "00498945213730",
    "ShippingCity": "München",
    "ShippingStreet": "Wotanstr. 35",
    "ShippingCountry": "Germany",
    "ShippingCountryCode": "DE",
    "ShippingLatitude": "48.1489016",
    "ShippingLongitude": "11.5014982",
    "ShippingPostalCode": "80639",
    "status": ""
  },
  {
    "name": "Hans W. Schröder OHG",
    "Phone": "0049231850007",
    "ShippingCity": "Dortmund",
    "ShippingStreet": "Lindenhorster Str. 97",
    "ShippingCountry": "Germany",
    "ShippingCountryCode": "DE",
    "ShippingLatitude": "51.54284000000001",
    "ShippingLongitude": "7.452831199999999",
    "ShippingPostalCode": "44147",
    "status": ""
  },
  {
    "name": "Imperia Lingmont",
    "Phone": "+31104668172",
    "ShippingCity": "Rotterdam",
    "ShippingStreet": "Willebrordusstraat 166",
    "ShippingCountry": "Netherlands",
    "ShippingCountryCode": "NL",
    "ShippingLatitude": "51.9336844",
    "ShippingLongitude": "4.4718955",
    "ShippingPostalCode": "3037 TZ",
    "status": ""
  },
  {
    "name": "In Sachen Auto",
    "Phone": "+494131721121",
    "ShippingCity": "Lüneburg",
    "ShippingStreet": "Arenskule 5",
    "ShippingCountry": "Germany",
    "ShippingCountryCode": "DE",
    "ShippingLatitude": "53.263686",
    "ShippingLongitude": "10.4136378",
    "ShippingPostalCode": "21339",
    "status": ""
  },
  {
    "name": "Insel Sylt Tourismus-Service GmbH - Werkstatt",
    "Phone": "+49 4651 998 260",
    "ShippingCity": "Sylt",
    "ShippingStreet": "Strandstr. 35",
    "ShippingCountry": "Germany",
    "ShippingCountryCode": "DE",
    "ShippingLatitude": "0",
    "ShippingLongitude": "0",
    "ShippingPostalCode": "25980",
    "status": ""
  },
  {
    "name": "J. Gregor Autoreparatur GmbH",
    "Phone": "004315441101",
    "ShippingCity": "Wien",
    "ShippingStreet": "Storkgasse 16",
    "ShippingCountry": "Austria",
    "ShippingCountryCode": "AT",
    "ShippingLatitude": "48.1827391",
    "ShippingLongitude": "16.3539715",
    "ShippingPostalCode": "1050",
    "status": ""
  },
  {
    "name": "Kritter Autotechnik Bosch Dienst",
    "Phone": "0049093715950",
    "ShippingCity": "Worms",
    "ShippingStreet": "Allmendgasse 18",
    "ShippingCountry": "Germany",
    "ShippingCountryCode": "DE",
    "ShippingLatitude": "49.6286107",
    "ShippingLongitude": "8.3693954",
    "ShippingPostalCode": "67547",
    "status": ""
  },
  {
    "name": "Liebr SAS",
    "Phone": "+336 70 59 18 73",
    "ShippingCity": "Clamart",
    "ShippingStreet": "3 rue Hebert",
    "ShippingCountry": "France",
    "ShippingCountryCode": "FR",
    "ShippingLatitude": "48.8132594",
    "ShippingLongitude": "2.2724594",
    "ShippingPostalCode": "92140",
    "status": ""
  },
  {
    "name": "Lopez KG Düren",
    "Phone": "+492421204903",
    "ShippingCity": "Düren",
    "ShippingStreet": "Veldener Str. 83",
    "ShippingCountry": "Germany",
    "ShippingCountryCode": "DE",
    "ShippingLatitude": "50.8101984",
    "ShippingLongitude": "6.472730899999999",
    "ShippingPostalCode": "52349",
    "status": ""
  },
  {
    "name": "Ludwig Fetzer GmbH & Co. KG",
    "Phone": "0049641302030",
    "ShippingCity": "Gießen",
    "ShippingStreet": "Steinstraße 81-83",
    "ShippingCountry": "Germany",
    "ShippingCountryCode": "DE",
    "ShippingLatitude": "50.5917198",
    "ShippingLongitude": "8.6777853",
    "ShippingPostalCode": "35390",
    "status": ""
  },
  {
    "name": "Motorrad Bader (Waging am See)",
    "Phone": "498 681 4484",
    "ShippingCity": "Waging am See",
    "ShippingStreet": "Gewerbestrasse 6",
    "ShippingCountry": "Germany",
    "ShippingCountryCode": "DE",
    "ShippingLatitude": "47.9242",
    "ShippingLongitude": "12.70627",
    "ShippingPostalCode": "83329",
    "status": ""
  },
  {
    "name": "Motorrad Nageldinger",
    "Phone": "+49634162324",
    "ShippingCity": "Landau in der Pfalz",
    "ShippingStreet": "Weißenburger Str. 49",
    "ShippingCountry": "Germany",
    "ShippingCountryCode": "DE",
    "ShippingLatitude": "49.185576",
    "ShippingLongitude": "8.1145098",
    "ShippingPostalCode": "76829",
    "status": ""
  },
  {
    "name": "Motorradzentrum Backes OHG",
    "Phone": "061391334",
    "ShippingCity": "Budenheim / Mainz",
    "ShippingStreet": "In den Vierzehn Morgen 9",
    "ShippingCountry": "Germany",
    "ShippingCountryCode": "DE",
    "ShippingLatitude": "50.0263328",
    "ShippingLongitude": "8.1984319",
    "ShippingPostalCode": "55257",
    "status": ""
  },
  {
    "name": "MS SCOOTER",
    "Phone": "497 815 5336",
    "ShippingCity": "Offenburg",
    "ShippingStreet": "Wilhelm-Röntgen Straße 14",
    "ShippingCountry": "Germany",
    "ShippingCountryCode": "DE",
    "ShippingLatitude": "48.4713561",
    "ShippingLongitude": "7.9256233",
    "ShippingPostalCode": "77656",
    "status": ""
  },
  {
    "name": "MSA Motorrad Service Altona - Inh. Tobias Trapp",
    "Phone": "0049408508927",
    "ShippingCity": "Hamburg",
    "ShippingStreet": "Leonore-Mau-Weg 2",
    "ShippingCountry": "Germany",
    "ShippingCountryCode": "DE",
    "ShippingLatitude": "53.5592318",
    "ShippingLongitude": "9.9154958",
    "ShippingPostalCode": "22763",
    "status": ""
  },
  {
    "name": "Mueller Car Service",
    "Phone": "+494161641212",
    "ShippingCity": "Buxtehude",
    "ShippingStreet": "Harburger Strasse 52 B",
    "ShippingCountry": "Germany",
    "ShippingCountryCode": "DE",
    "ShippingLatitude": "53.47461999999999",
    "ShippingLongitude": "9.71236",
    "ShippingPostalCode": "21614",
    "status": ""
  },
  {
    "name": "Nelsons Autoschmiede",
    "Phone": "+4970342779424",
    "ShippingCity": "Ehningen",
    "ShippingStreet": "Altdorfer Weg 17",
    "ShippingCountry": "Germany",
    "ShippingCountryCode": "DE",
    "ShippingLatitude": "48.6569014",
    "ShippingLongitude": "8.9475388",
    "ShippingPostalCode": "71139",
    "status": ""
  },
  {
    "name": "Nice Scoot",
    "Phone": "+33497191775",
    "ShippingCity": "Nice",
    "ShippingStreet": "23 Route de Turin",
    "ShippingCountry": "France",
    "ShippingCountryCode": "FR",
    "ShippingLatitude": "43.709536",
    "ShippingLongitude": "7.284283799999999",
    "ShippingPostalCode": "6300",
    "status": ""
  },
  {
    "name": "Paulus Technik GmbH & Co. KG",
    "Phone": "+004943178000",
    "ShippingCity": "Kiel",
    "ShippingStreet": "Preetzer Str. 304",
    "ShippingCountry": "Germany",
    "ShippingCountryCode": "DE",
    "ShippingLatitude": "54.2974962",
    "ShippingLongitude": "10.1651293",
    "ShippingPostalCode": "24147",
    "status": ""
  },
  {
    "name": "R.Jeromin KFZ & Zweirad-Meister",
    "Phone": "+492161475211",
    "ShippingCity": "Korschenbroich",
    "ShippingStreet": "Püllenweg 23A",
    "ShippingCountry": "Germany",
    "ShippingCountryCode": "DE",
    "ShippingLatitude": "51.1985639",
    "ShippingLongitude": "6.547196",
    "ShippingPostalCode": "41352",
    "status": ""
  },
  {
    "name": "Reischl Kfz-Technik GmbH",
    "Phone": "0043662850500",
    "ShippingCity": "Wals",
    "ShippingStreet": "Lagerhausstr.24",
    "ShippingCountry": "Austria",
    "ShippingCountryCode": "AT",
    "ShippingLatitude": "47.7873344",
    "ShippingLongitude": "12.9775533",
    "ShippingPostalCode": "5071",
    "status": ""
  },
  {
    "name": "Roller Center Durlach",
    "Phone": "0049721498596",
    "ShippingCity": "Karlsruhe",
    "ShippingStreet": "Schauenburgstr. 11",
    "ShippingCountry": "Germany",
    "ShippingCountryCode": "DE",
    "ShippingLatitude": "48.9872433",
    "ShippingLongitude": "8.3721397",
    "ShippingPostalCode": "76135",
    "status": ""
  },
  {
    "name": "Rollerproject-68",
    "Phone": "+493616020885",
    "ShippingCity": "Erfurt",
    "ShippingStreet": "Löberstr. 17",
    "ShippingCountry": "Germany",
    "ShippingCountryCode": "DE",
    "ShippingLatitude": "50.9713053",
    "ShippingLongitude": "11.0308742",
    "ShippingPostalCode": "99084",
    "status": ""
  },
  {
    "name": "SAS Garage D'attoma",
    "Phone": "4917624928788",
    "ShippingCity": "Lyon",
    "ShippingStreet": "20 b Rue Docteur Rebatel",
    "ShippingCountry": "France",
    "ShippingCountryCode": "FR",
    "ShippingLatitude": "45.7488153",
    "ShippingLongitude": "4.8728766",
    "ShippingPostalCode": "69003",
    "status": ""
  },
  {
    "name": "Schmucker & Lemli GmbH",
    "Phone": "+49293296150",
    "ShippingCity": "Arnsberg",
    "ShippingStreet": "Cäcilienstr. 1",
    "ShippingCountry": "Germany",
    "ShippingCountryCode": "DE",
    "ShippingLatitude": "41.6605666",
    "ShippingLongitude": "-83.66804770000002",
    "ShippingPostalCode": "59759",
    "status": ""
  },
  {
    "name": "Stefan Sigwarth GmbH",
    "Phone": "+4977718759386",
    "ShippingCity": "Stockach",
    "ShippingStreet": "Gewerbestr. 2",
    "ShippingCountry": "Germany",
    "ShippingCountryCode": "DE",
    "ShippingLatitude": "47.8733256",
    "ShippingLongitude": "8.9924841",
    "ShippingPostalCode": "78333",
    "status": ""
  },
  {
    "name": "Steinmetz GmbH",
    "Phone": "+498912223436",
    "ShippingCity": "Kuernach (Wuerzburg !)",
    "ShippingStreet": "Wachtelberg 11",
    "ShippingCountry": "Germany",
    "ShippingCountryCode": "DE",
    "ShippingLatitude": "49.84282",
    "ShippingLongitude": "10.0157",
    "ShippingPostalCode": "97273",
    "status": ""
  },
  {
    "name": "Theuerkauf GmbH",
    "Phone": "061 329 8180",
    "ShippingCity": "Ingelheim am Rhein",
    "ShippingStreet": "Theuerkauf GmbH",
    "ShippingCountry": "Germany",
    "ShippingCountryCode": "DE",
    "ShippingLatitude": "49.9878309",
    "ShippingLongitude": "8.030802999999999",
    "ShippingPostalCode": "55218",
    "status": ""
  },
  {
    "name": "TJ Cars and Bikes",
    "Phone": "+4977419692777",
    "ShippingCity": "Waldshut-Tiengen",
    "ShippingStreet": "Daimlerstrasse 29c",
    "ShippingCountry": "Germany",
    "ShippingCountryCode": "DE",
    "ShippingLatitude": "47.6244342",
    "ShippingLongitude": "8.2533174",
    "ShippingPostalCode": "79761",
    "status": ""
  },
  {
    "name": "2Radhelden GmbH",
    "Phone": "004319296690",
    "ShippingCity": "Wien",
    "ShippingStreet": "Hackingerstraße 5E",
    "ShippingCountry": "Austria",
    "ShippingCountryCode": "AT",
    "ShippingLatitude": "48.1932048",
    "ShippingLongitude": "16.2796348",
    "ShippingPostalCode": "1140",
    "status": ""
  },
  {
    "name": "Vogt Automobile GmbH",
    "Phone": "(+49)07171946440",
    "ShippingCity": "Oberkirch-Oedsbach",
    "ShippingStreet": "Alm 28",
    "ShippingCountry": "Germany",
    "ShippingCountryCode": "DE",
    "ShippingLatitude": "48.508423",
    "ShippingLongitude": "8.090563999999999",
    "ShippingPostalCode": "77704",
    "status": ""
  },
  {
    "name": "WingTeam - Achim Geidel",
    "Phone": "+491726224078",
    "ShippingCity": "Homberg",
    "ShippingStreet": "Im Oberdorf 22",
    "ShippingCountry": "Germany",
    "ShippingCountryCode": "DE",
    "ShippingLatitude": "49.650281",
    "ShippingLongitude": "7.5183686",
    "ShippingPostalCode": "67744",
    "status": ""
  },
  {
    "name": "Wolf Trade Center",
    "Phone": "+436643429088",
    "ShippingCity": "Graz",
    "ShippingStreet": "Wienerstraße 241",
    "ShippingCountry": "Austria",
    "ShippingCountryCode": "AT",
    "ShippingLatitude": "47.0921641",
    "ShippingLongitude": "15.4064738",
    "ShippingPostalCode": "8051",
    "status": ""
  },
  {
    "name": "Zweirad Deutschmann",
    "Phone": "+49383932927",
    "ShippingCity": "Binz",
    "ShippingStreet": "Proraer Chaussee 4a,",
    "ShippingCountry": "Germany",
    "ShippingCountryCode": "DE",
    "ShippingLatitude": "54.4022877",
    "ShippingLongitude": "13.6034189",
    "ShippingPostalCode": "18609",
    "status": ""
  },
  {
    "name": "Zweirad Station",
    "Phone": "(+49)8456918779",
    "ShippingCity": "Lenting",
    "ShippingStreet": "Rosenweg 6",
    "ShippingCountry": "Germany",
    "ShippingCountryCode": "DE",
    "ShippingLatitude": "48.8050535",
    "ShippingLongitude": "11.4571472",
    "ShippingPostalCode": "85101",
    "status": ""
  },
  {
    "name": "Zweirad Technik Berlin",
    "Phone": "03060031271",
    "ShippingCity": "Berlin-Kreuzberg",
    "ShippingStreet": "Hasenheide 9",
    "ShippingCountry": "Germany",
    "ShippingCountryCode": "DE",
    "ShippingLatitude": "",
    "ShippingLongitude": "",
    "ShippingPostalCode": "10967",
    "status": ""
  },
  {
    "name": "Zweirad-Stumpp (Friedrich Stumpp)",
    "Phone": "497 024 7012",
    "ShippingCity": "Wendlingen",
    "ShippingStreet": "Fabrikstr. 4",
    "ShippingCountry": "Germany",
    "ShippingCountryCode": "DE",
    "ShippingLatitude": "48.6750093",
    "ShippingLongitude": "9.383968099999999",
    "ShippingPostalCode": "73240",
    "status": ""
  },
  {
    "name": "Doc Biker Paris 13",
    "Phone": "+33147074147",
    "ShippingCity": "Paris",
    "ShippingStreet": "86 bis, bd de l'Hôpital",
    "ShippingCountry": "France",
    "ShippingCountryCode": "FR",
    "ShippingLatitude": "48.8370894",
    "ShippingLongitude": "2.3593143",
    "ShippingPostalCode": "75013",
    "status": ""
  },
  {
    "name": "BCS Ralf Schlebusch e.K.",
    "Phone": "+492361306870",
    "ShippingCity": "Recklinghausen",
    "ShippingStreet": "Zum Wetterschacht 15",
    "ShippingCountry": "Germany",
    "ShippingCountryCode": "DE",
    "ShippingLatitude": "51.5989567",
    "ShippingLongitude": "7.193020199999999",
    "ShippingPostalCode": "45659",
    "status": ""
  },
  {
    "name": "Johann Müller GmbH & Co.KG",
    "Phone": "00494068287925",
    "ShippingCity": "Hamburg",
    "ShippingStreet": "Neuer Höltigbaum 5",
    "ShippingCountry": "Germany",
    "ShippingCountryCode": "DE",
    "ShippingLatitude": "53.60861541739633",
    "ShippingLongitude": "10.18463647814403",
    "ShippingPostalCode": "22143",
    "status": ""
  },
  {
    "name": "Rori Motorradcenter",
    "Phone": "+49222494270",
    "ShippingCity": "Unkel",
    "ShippingStreet": "Umgehungsstraße 4",
    "ShippingCountry": "Germany",
    "ShippingCountryCode": "DE",
    "ShippingLatitude": "50.6018577",
    "ShippingLongitude": "7.2219172",
    "ShippingPostalCode": "53572",
    "status": ""
  },
  {
    "name": "Bosch Service Theo Niessing GmbH",
    "Phone": "02 865 8090",
    "ShippingCity": "Raesfeld",
    "ShippingStreet": "Schwietering 9",
    "ShippingCountry": "Germany",
    "ShippingCountryCode": "DE",
    "ShippingLatitude": "51.76726619999999",
    "ShippingLongitude": "6.854076999999999",
    "ShippingPostalCode": "46348",
    "status": ""
  },
  {
    "name": "Bosch Car Service Vogel GmbH",
    "Phone": "004965891660",
    "ShippingCity": "Schillingen",
    "ShippingStreet": "Hochwaldstr.41",
    "ShippingCountry": "Germany",
    "ShippingCountryCode": "DE",
    "ShippingLatitude": "49.6347826",
    "ShippingLongitude": "6.793101699999999",
    "ShippingPostalCode": "54429",
    "status": ""
  },
  {
    "name": "Motorrad Hafenstein",
    "Phone": "+493818010410",
    "ShippingCity": "Rostock - Reutershagen",
    "ShippingStreet": "Schutower Str. 11a",
    "ShippingCountry": "Germany",
    "ShippingCountryCode": "DE",
    "ShippingLatitude": "54.1058876",
    "ShippingLongitude": "12.0673394",
    "ShippingPostalCode": "18069",
    "status": ""
  },
  {
    "name": "Bike Service Center - Maxdorf",
    "Phone": "06237 9792132",
    "ShippingCity": "Maxdorf",
    "ShippingStreet": "RUDOLF-DIESEL-STRASSE 6",
    "ShippingCountry": "Germany",
    "ShippingCountryCode": "DE",
    "ShippingLatitude": "49.4897116",
    "ShippingLongitude": "8.2906084",
    "ShippingPostalCode": "67133",
    "status": ""
  },
  {
    "name": "BikeShuttle-Service",
    "Phone": "004936138039440",
    "ShippingCity": "Kreba-Neudorf",
    "ShippingStreet": "Hoyerswerdaer Straße 8D",
    "ShippingCountry": "Germany",
    "ShippingCountryCode": "DE",
    "ShippingLatitude": "51.3461491",
    "ShippingLongitude": "14.6805983",
    "ShippingPostalCode": "02906",
    "status": ""
  },
  {
    "name": "Bosch Service Manfred Köcher",
    "Phone": "+49603286090",
    "ShippingCity": "Bad Nauheim",
    "ShippingStreet": "Steinfurther Hauptstrasse 85",
    "ShippingCountry": "Germany",
    "ShippingCountryCode": "DE",
    "ShippingLatitude": "50.4017071",
    "ShippingLongitude": "8.7409666",
    "ShippingPostalCode": "61231",
    "status": ""
  },
  {
    "name": "car systems Scheil GmbH & Co. KG",
    "Phone": "+493415830580",
    "ShippingCity": "Leipzig",
    "ShippingStreet": "Zum Apelstein 2",
    "ShippingCountry": "Germany",
    "ShippingCountryCode": "DE",
    "ShippingLatitude": "51.3936752",
    "ShippingLongitude": "12.3412654",
    "ShippingPostalCode": "04158",
    "status": ""
  },
  {
    "name": "AutoService Manfred Schreyer GmbH",
    "Phone": "004986712429",
    "ShippingCity": "Altötting",
    "ShippingStreet": "Hillmannstraße 29",
    "ShippingCountry": "Germany",
    "ShippingCountryCode": "DE",
    "ShippingLatitude": "48.2193493",
    "ShippingLongitude": "12.6775705",
    "ShippingPostalCode": "84503",
    "status": ""
  },
  {
    "name": "RUI's Motorrad Service",
    "Phone": "497 461 8671",
    "ShippingCity": "Tuttlingen-Nendingen",
    "ShippingStreet": "Altentalstr. 47",
    "ShippingCountry": "Germany",
    "ShippingCountryCode": "DE",
    "ShippingLatitude": "48.00521",
    "ShippingLongitude": "8.870530100000002",
    "ShippingPostalCode": "78532",
    "status": ""
  },
  {
    "name": "Mezger Halle GmbH + Co. KG",
    "Phone": "+4934557541630",
    "ShippingCity": "Halle",
    "ShippingStreet": "Berliner Straße 61",
    "ShippingCountry": "Germany",
    "ShippingCountryCode": "DE",
    "ShippingLatitude": "51.4960427",
    "ShippingLongitude": "12.009516",
    "ShippingPostalCode": "06116",
    "status": ""
  },
  {
    "name": "Herbert Wilke KFZ",
    "Phone": "+49407922762",
    "ShippingCity": "Hamburg-Harburg",
    "ShippingStreet": "Bremerstr. 232",
    "ShippingCountry": "Germany",
    "ShippingCountryCode": "DE",
    "ShippingLatitude": "53.4468608",
    "ShippingLongitude": "9.9580269",
    "ShippingPostalCode": "21073",
    "status": ""
  },
  {
    "name": "BCS Marseglia GmbH",
    "Phone": "+491754243133",
    "ShippingCity": "Goeppingen",
    "ShippingStreet": "Grosseislinger Straße 54",
    "ShippingCountry": "Germany",
    "ShippingCountryCode": "DE",
    "ShippingLatitude": "48.7018871",
    "ShippingLongitude": "9.671439",
    "ShippingPostalCode": "73033",
    "status": ""
  },
  {
    "name": "Doc Biker Montrueil",
    "Phone": "+33 1 48 58 88 37",
    "ShippingCity": "Montreuil Sous Bois",
    "ShippingStreet": "86 rue de Paris",
    "ShippingCountry": "France",
    "ShippingCountryCode": "FR",
    "ShippingLatitude": "48.8570179",
    "ShippingLongitude": "2.4288475",
    "ShippingPostalCode": "93100",
    "status": ""
  },
  {
    "name": "Bosch Car Service Treuchtlingen Linss",
    "Phone": "091426325",
    "ShippingCity": "Treuchtlingen",
    "ShippingStreet": "An Der Heusteige 4",
    "ShippingCountry": "Germany",
    "ShippingCountryCode": "DE",
    "ShippingLatitude": "48.9428182",
    "ShippingLongitude": "10.9150084",
    "ShippingPostalCode": "91757",
    "status": ""
  },
  {
    "name": "KFZ Meisterbetrieb Sieben",
    "Phone": "00491634037710",
    "ShippingCity": "Eich",
    "ShippingStreet": "Sandhof 12",
    "ShippingCountry": "Germany",
    "ShippingCountryCode": "DE",
    "ShippingLatitude": "49.733905",
    "ShippingLongitude": "8.3686196",
    "ShippingPostalCode": "67575",
    "status": ""
  },
  {
    "name": "Doc Biker Paris 15 Vouillé",
    "Phone": "0033145335896",
    "ShippingCity": "Paris",
    "ShippingStreet": "44, rue de Vouillé",
    "ShippingCountry": "France",
    "ShippingCountryCode": "FR",
    "ShippingLatitude": "48.83409469999999",
    "ShippingLongitude": "2.307013",
    "ShippingPostalCode": "75015",
    "status": ""
  },
  {
    "name": "Fa. Wilhelm Zweiradtechnik",
    "Phone": "+49 175 222 99 77",
    "ShippingCity": "Berlin",
    "ShippingStreet": "General-Pape-Straße 8",
    "ShippingCountry": "Germany",
    "ShippingCountryCode": "DE",
    "ShippingLatitude": "52.47627980463747",
    "ShippingLongitude": "13.367350417613736",
    "ShippingPostalCode": "12101",
    "status": ""
  },
  {
    "name": "Doc Biker Boulogne",
    "Phone": "0033147611028",
    "ShippingCity": "Boulogne Billancourt",
    "ShippingStreet": "86 av Edouard Vaillant",
    "ShippingCountry": "France",
    "ShippingCountryCode": "FR",
    "ShippingLatitude": "48.8344761",
    "ShippingLongitude": "2.2456498",
    "ShippingPostalCode": "92100",
    "status": ""
  },
  {
    "name": "APK Beverwijk",
    "Phone": "+31251217623",
    "ShippingCity": "Beverwijk",
    "ShippingStreet": "Vennelaan 8",
    "ShippingCountry": "Netherlands",
    "ShippingCountryCode": "NL",
    "ShippingLatitude": "52.486477",
    "ShippingLongitude": "4.6662012",
    "ShippingPostalCode": "1947 HL",
    "status": ""
  },
  {
    "name": "VAN DEN BORRE BVBA \"MOBILITY CENTER VDB\"",
    "Phone": "322 523 2726",
    "ShippingCity": "Bruxelles",
    "ShippingStreet": "Av.François Malherbelaan 66-68",
    "ShippingCountry": "Belgium",
    "ShippingCountryCode": "BE",
    "ShippingLatitude": "50.8393629",
    "ShippingLongitude": "4.315964399999999",
    "ShippingPostalCode": "1070",
    "status": ""
  },
  {
    "name": "PIE TECHNOLOGIE",
    "Phone": "0033763198452",
    "ShippingCity": "Chaponost",
    "ShippingStreet": "Parc de Taffignon",
    "ShippingCountry": "France",
    "ShippingCountryCode": "FR",
    "ShippingLatitude": "45.726721",
    "ShippingLongitude": "4.7679994",
    "ShippingPostalCode": "69630",
    "status": ""
  },
  {
    "name": "MOTO'ELEC 31 / PURE RIDER",
    "Phone": "0033977822971",
    "ShippingCity": "Toulouse",
    "ShippingStreet": "6 rue Louis Bonin",
    "ShippingCountry": "France",
    "ShippingCountryCode": "FR",
    "ShippingLatitude": "43.6275361",
    "ShippingLongitude": "1.4114267",
    "ShippingPostalCode": "31200",
    "status": ""
  },
  {
    "name": "A&S Automobile GmbH",
    "Phone": "004955515899274",
    "ShippingCity": "Northeim",
    "ShippingStreet": "Im Grünen Winkel 26",
    "ShippingCountry": "Germany",
    "ShippingCountryCode": "DE",
    "ShippingLatitude": "51.7660533",
    "ShippingLongitude": "9.9560813",
    "ShippingPostalCode": "37154",
    "status": ""
  },
  {
    "name": "Beumers de Jong Scooters",
    "Phone": "003120 615 7188",
    "ShippingCity": "Amsterdam",
    "ShippingStreet": "Haarlemmermeerstraat 47-53",
    "ShippingCountry": "Netherlands",
    "ShippingCountryCode": "NL",
    "ShippingLatitude": "52.356246",
    "ShippingLongitude": "4.8505533",
    "ShippingPostalCode": "1058 JP",
    "status": ""
  },
  {
    "name": "MotorTeam Ralf Schwerin GmbH",
    "Phone": "004943612400",
    "ShippingCity": "Oldenburg",
    "ShippingStreet": "Neustädter Str. 3",
    "ShippingCountry": "Germany",
    "ShippingCountryCode": "DE",
    "ShippingLatitude": "54.28485999999999",
    "ShippingLongitude": "10.87904",
    "ShippingPostalCode": "23758",
    "status": ""
  },
  {
    "name": "Küstencruiser GmbH",
    "Phone": "038137566420",
    "ShippingCity": "Rostock",
    "ShippingStreet": "Molkenstraße 7",
    "ShippingCountry": "Germany",
    "ShippingCountryCode": "DE",
    "ShippingLatitude": "54.08925869999999",
    "ShippingLongitude": "12.1441792",
    "ShippingPostalCode": "18055",
    "status": ""
  },
  {
    "name": "Koc GmbH",
    "Phone": "+496201494408",
    "ShippingCity": "Weinheim",
    "ShippingStreet": "Bensheimer Straße 4",
    "ShippingCountry": "Germany",
    "ShippingCountryCode": "DE",
    "ShippingLatitude": "49.5577557",
    "ShippingLongitude": "8.6528374",
    "ShippingPostalCode": "69469",
    "status": ""
  },
  {
    "name": "Bosch Car Service Autohaus Jannek GbR",
    "Phone": "004990729653919",
    "ShippingCity": "Lauingen",
    "ShippingStreet": "Rudolf-Diesel-Ring 27",
    "ShippingCountry": "Germany",
    "ShippingCountryCode": "DE",
    "ShippingLatitude": "48.5766971",
    "ShippingLongitude": "10.4511691",
    "ShippingPostalCode": "89415",
    "status": ""
  },
  {
    "name": "Servicecenter Ritzkowski GmbH",
    "Phone": "00493834 5856816",
    "ShippingCity": "Greifswald",
    "ShippingStreet": "An den Bäckerwiesen 2",
    "ShippingCountry": "Germany",
    "ShippingCountryCode": "DE",
    "ShippingLatitude": "54.0715066",
    "ShippingLongitude": "13.3863813",
    "ShippingPostalCode": "17489",
    "status": ""
  },
  {
    "name": "Fahrzeughaus Müller GmbH",
    "Phone": "00493684139511",
    "ShippingCity": "Schleusingen",
    "ShippingStreet": "Themarer Straße 5",
    "ShippingCountry": "Germany",
    "ShippingCountryCode": "DE",
    "ShippingLatitude": "50.5020141",
    "ShippingLongitude": "10.7383316",
    "ShippingPostalCode": "98553",
    "status": ""
  },
  {
    "name": "Assenheimer + Mulfinger GmbH & Co. KG",
    "Phone": "0049713297580",
    "ShippingCity": "Heilbronn",
    "ShippingStreet": "Südstraße 40",
    "ShippingCountry": "Germany",
    "ShippingCountryCode": "DE",
    "ShippingLatitude": "",
    "ShippingLongitude": "",
    "ShippingPostalCode": "74072",
    "status": ""
  },
  {
    "name": "Häusler Automobile Fürstenfeldbruck GmbH&Co. KG",
    "Phone": "0049814140060",
    "ShippingCity": "Fürstenfeldbruck",
    "ShippingStreet": "Maisacher Str. 127",
    "ShippingCountry": "Germany",
    "ShippingCountryCode": "DE",
    "ShippingLatitude": "48.1936708",
    "ShippingLongitude": "11.2558896",
    "ShippingPostalCode": "82256",
    "status": ""
  },
  {
    "name": "Deinlein - Motorroller",
    "Phone": "+4915167513353",
    "ShippingCity": "Ainring",
    "ShippingStreet": "Sägewerkstraße 13",
    "ShippingCountry": "Germany",
    "ShippingCountryCode": "DE",
    "ShippingLatitude": "47.78922",
    "ShippingLongitude": "12.94267",
    "ShippingPostalCode": "83404",
    "status": ""
  },
  {
    "name": "Werkstatt BCS Karl Wahl Heide Inh. Ingo Dohrn",
    "Phone": "00494815475",
    "ShippingCity": "Heide",
    "ShippingStreet": "Inh. Ingo Dohrn",
    "ShippingCountry": "Germany",
    "ShippingCountryCode": "DE",
    "ShippingLatitude": "54.19517639999999",
    "ShippingLongitude": "9.1019015",
    "ShippingPostalCode": "25746",
    "status": ""
  },
  {
    "name": "Moto-BS",
    "Phone": "00495313173030",
    "ShippingCity": "Braunschweig",
    "ShippingStreet": "Gliesmaroder Str. 122",
    "ShippingCountry": "Germany",
    "ShippingCountryCode": "DE",
    "ShippingLatitude": "52.2721868",
    "ShippingLongitude": "10.5359185",
    "ShippingPostalCode": "38106",
    "status": ""
  },
  {
    "name": "WVM Mobility",
    "Phone": "0031619638152",
    "ShippingCity": "LX Delfgauw",
    "ShippingStreet": "Tinnegieterstraat 13",
    "ShippingCountry": "Netherlands",
    "ShippingCountryCode": "NL",
    "ShippingLatitude": "51.9978902",
    "ShippingLongitude": "4.3914567",
    "ShippingPostalCode": "2645",
    "status": ""
  },
  {
    "name": "Hermann Müller GmbH",
    "Phone": "004941547276",
    "ShippingCity": "Lütjensee",
    "ShippingStreet": "Hamburger Straße 43",
    "ShippingCountry": "Germany",
    "ShippingCountryCode": "DE",
    "ShippingLatitude": "53.6526872",
    "ShippingLongitude": "10.3642991",
    "ShippingPostalCode": "22952",
    "status": ""
  },
  {
    "name": "CARDOC-Autoklinik GmbH",
    "Phone": "0049208620020",
    "ShippingCity": "Oberhausen-Osterfeld",
    "ShippingStreet": "Lilienthal- / Ecke Heinestr. 55",
    "ShippingCountry": "Germany",
    "ShippingCountryCode": "DE",
    "ShippingLatitude": "51.5054324",
    "ShippingLongitude": "6.8884823",
    "ShippingPostalCode": "46117",
    "status": ""
  },
  {
    "name": "Nick-Werk Motorradwerkstatt",
    "Phone": "004933035095168",
    "ShippingCity": "Hohen Neuendorf",
    "ShippingStreet": "Backofenweg 1",
    "ShippingCountry": "Germany",
    "ShippingCountryCode": "DE",
    "ShippingLatitude": "52.672059",
    "ShippingLongitude": "13.2761216",
    "ShippingPostalCode": "16540",
    "status": ""
  },
  {
    "name": "Rayci.nl",
    "Phone": "0031642459377",
    "ShippingCity": "Apeldoorn",
    "ShippingStreet": "Henri Dunantlaan 451",
    "ShippingCountry": "Netherlands",
    "ShippingCountryCode": "NL",
    "ShippingLatitude": "52.20941999999999",
    "ShippingLongitude": "5.943417999999999",
    "ShippingPostalCode": "7312 BD",
    "status": ""
  },
  {
    "name": "Bosch Car Service Linn",
    "Phone": "06352 / 3867",
    "ShippingCity": "Kirchheimbolanden",
    "ShippingStreet": "Inhaber Marc Linn",
    "ShippingCountry": "Germany",
    "ShippingCountryCode": "DE",
    "ShippingLatitude": "49.6612419",
    "ShippingLongitude": "8.021512699999999",
    "ShippingPostalCode": "67292",
    "status": ""
  },
  {
    "name": "PtS Veghel",
    "Phone": "0031413763023",
    "ShippingCity": "Veghel",
    "ShippingStreet": "Noordkade 3b",
    "ShippingCountry": "Netherlands",
    "ShippingCountryCode": "NL",
    "ShippingLatitude": "51.61545",
    "ShippingLongitude": "5.5346888",
    "ShippingPostalCode": "5462 EC",
    "status": ""
  },
  {
    "name": "AutoArenA",
    "Phone": "071 329 7580",
    "ShippingCity": "Neckarsulm-Obereisesheim",
    "ShippingStreet": "Neckargartacher Straße 73-75",
    "ShippingCountry": "Germany",
    "ShippingCountryCode": "DE",
    "ShippingLatitude": "49.188088",
    "ShippingLongitude": "9.201613",
    "ShippingPostalCode": "74172",
    "status": ""
  },
  {
    "name": "Fa. Blank & Sauber",
    "Phone": "01716018087",
    "ShippingCity": "Braunschweig",
    "ShippingStreet": "B. Scharfenberg",
    "ShippingCountry": "Germany",
    "ShippingCountryCode": "DE",
    "ShippingLatitude": "",
    "ShippingLongitude": "",
    "ShippingPostalCode": "38110",
    "status": ""
  },
  {
    "name": "Hornburg Automobile GmbH",
    "Phone": "051 213 3818",
    "ShippingCity": "Hildesheim",
    "ShippingStreet": "Kennedydamm 33",
    "ShippingCountry": "Germany",
    "ShippingCountryCode": "DE",
    "ShippingLatitude": "52.1655059",
    "ShippingLongitude": "9.9630184",
    "ShippingPostalCode": "31141",
    "status": ""
  },
  {
    "name": "Rüdiger Graus",
    "Phone": "000 0000",
    "ShippingCity": "Berlin",
    "ShippingStreet": "Tempelhofer Ufer 17",
    "ShippingCountry": "Germany",
    "ShippingCountryCode": "DE",
    "ShippingLatitude": "",
    "ShippingLongitude": "",
    "ShippingPostalCode": "10963",
    "status": ""
  },
  {
    "name": "Kfz-Meisterbetrieb Gerdinand & Stemmwedel GbR",
    "Phone": "03816672121",
    "ShippingCity": "Goorstorf",
    "ShippingStreet": "Neue Reihe 19",
    "ShippingCountry": "Germany",
    "ShippingCountryCode": "DE",
    "ShippingLatitude": "",
    "ShippingLongitude": "",
    "ShippingPostalCode": "18182",
    "status": ""
  },
  {
    "name": "Roß & Wissing Fahrzeugtechnik GmbH",
    "Phone": "49 541 50583 595",
    "ShippingCity": "Ahaus",
    "ShippingStreet": "Ridderstr. 17",
    "ShippingCountry": "Germany",
    "ShippingCountryCode": "DE",
    "ShippingLatitude": "52.07998",
    "ShippingLongitude": "7.01874",
    "ShippingPostalCode": "48683",
    "status": ""
  },
  {
    "name": "Scootershop MG",
    "Phone": "0031633687980",
    "ShippingCity": "Den Haag",
    "ShippingStreet": "Mangaanstraat 50",
    "ShippingCountry": "Netherlands",
    "ShippingCountryCode": "NL",
    "ShippingLatitude": "52.04894909999999",
    "ShippingLongitude": "4.251305100000001",
    "ShippingPostalCode": "2544 DW",
    "status": ""
  },
  {
    "name": "Goois Motor en Scooter Centrum",
    "Phone": "0031356949405",
    "ShippingCity": "Naarden",
    "ShippingStreet": "Energiestraat 27A",
    "ShippingCountry": "Netherlands",
    "ShippingCountryCode": "NL",
    "ShippingLatitude": "52.30237899999999",
    "ShippingLongitude": "5.150424999999999",
    "ShippingPostalCode": "1411 AR",
    "status": ""
  },
  {
    "name": "Rollerhaus Sascha Dunkelberg",
    "Phone": "052313031950",
    "ShippingCity": "Detmold",
    "ShippingStreet": "Wittekindstraße 19",
    "ShippingCountry": "Germany",
    "ShippingCountryCode": "DE",
    "ShippingLatitude": "51.9454979",
    "ShippingLongitude": "8.865547500000002",
    "ShippingPostalCode": "32758",
    "status": ""
  },
  {
    "name": "Doc Biker Toulouse Blagnac",
    "Phone": "+330534432971",
    "ShippingCity": "Toulouse",
    "ShippingStreet": "06 rue louis bonen",
    "ShippingCountry": "France",
    "ShippingCountryCode": "FR",
    "ShippingLatitude": "43.6281807",
    "ShippingLongitude": "1.4115018",
    "ShippingPostalCode": "31200",
    "status": ""
  },
  {
    "name": "Bosch Car Service Uelsen Autohaus Reinhardt",
    "Phone": "059 429 3810",
    "ShippingCity": "Uelsen",
    "ShippingStreet": "Ziegeleistraße 7",
    "ShippingCountry": "Germany",
    "ShippingCountryCode": "DE",
    "ShippingLatitude": "52.5001456",
    "ShippingLongitude": "6.8738524",
    "ShippingPostalCode": "49843",
    "status": ""
  },
  {
    "name": "Virage Moto",
    "Phone": "0033556989504",
    "ShippingCity": "Mérignac",
    "ShippingStreet": "27 rue françois arago",
    "ShippingCountry": "France",
    "ShippingCountryCode": "FR",
    "ShippingLatitude": "44.855869",
    "ShippingLongitude": "-.67177",
    "ShippingPostalCode": "33700",
    "status": ""
  },
  {
    "name": "Moto Story",
    "Phone": "+33478501501",
    "ShippingCity": "Pierre Benite",
    "ShippingStreet": "29 Rue Roger Salengro",
    "ShippingCountry": "France",
    "ShippingCountryCode": "FR",
    "ShippingLatitude": "45.7062455",
    "ShippingLongitude": "4.8216625",
    "ShippingPostalCode": "69310",
    "status": ""
  },
  {
    "name": "RollerSpot-Stuttgart",
    "Phone": "00491733156371",
    "ShippingCity": "Stuttgart",
    "ShippingStreet": "Epplestrasse 90",
    "ShippingCountry": "Germany",
    "ShippingCountryCode": "DE",
    "ShippingLatitude": "48.7409176",
    "ShippingLongitude": "9.1689163",
    "ShippingPostalCode": "70597",
    "status": ""
  },
  {
    "name": "Huiskes-Kokkeler Autogroep",
    "Phone": "0031742554141",
    "ShippingCity": "Hengelo",
    "ShippingStreet": "Goudstraat 65",
    "ShippingCountry": "Netherlands",
    "ShippingCountryCode": "NL",
    "ShippingLatitude": "52.24432230000001",
    "ShippingLongitude": "6.7594599",
    "ShippingPostalCode": "7554 NG",
    "status": ""
  },
  {
    "name": "Zweiradservice Lehn",
    "Phone": "06131-681258",
    "ShippingCity": "Mainz",
    "ShippingStreet": "An der Brunnenstube 27-31",
    "ShippingCountry": "Germany",
    "ShippingCountryCode": "DE",
    "ShippingLatitude": "50.0144372",
    "ShippingLongitude": "8.2278059",
    "ShippingPostalCode": "55120",
    "status": ""
  },
  {
    "name": "Josef Buchsteiner GmbH",
    "Phone": "+43646854160",
    "ShippingCity": "Pfarrwerfen",
    "ShippingStreet": "Dorfwerfen 50",
    "ShippingCountry": "Austria",
    "ShippingCountryCode": "AT",
    "ShippingLatitude": "47.4603728",
    "ShippingLongitude": "13.202183",
    "ShippingPostalCode": "5452",
    "status": ""
  },
  {
    "name": "B 469 Werkstatt KFZ-Reparatur und Instandhaltung",
    "Phone": "+499372944888",
    "ShippingCity": "Wörth am Main",
    "ShippingStreet": "Presentstr. 20",
    "ShippingCountry": "Germany",
    "ShippingCountryCode": "DE",
    "ShippingLatitude": "49.78801199999999",
    "ShippingLongitude": "9.1693193",
    "ShippingPostalCode": "63939",
    "status": ""
  },
  {
    "name": "Auto Weinert Kfz-Meisterwerkstatt",
    "Phone": "+49 8146 / 945 100",
    "ShippingCity": "Moorenweis",
    "ShippingStreet": "Gewerbering 14",
    "ShippingCountry": "Germany",
    "ShippingCountryCode": "DE",
    "ShippingLatitude": "48.15573",
    "ShippingLongitude": "11.08732",
    "ShippingPostalCode": "82272",
    "status": ""
  },
  {
    "name": "Doc Biker Paris 3",
    "Phone": "+33143363651",
    "ShippingCity": "Paris",
    "ShippingStreet": "44 Boulevard de Sébastopol",
    "ShippingCountry": "France",
    "ShippingCountryCode": "FR",
    "ShippingLatitude": "48.8623267",
    "ShippingLongitude": "2.3505639",
    "ShippingPostalCode": "75003",
    "status": ""
  },
  {
    "name": "Doc Biker Paris 3",
    "Phone": "+33143363651",
    "ShippingCity": "Paris",
    "ShippingStreet": "44 Boulevard de Sébastopol",
    "ShippingCountry": "France",
    "ShippingCountryCode": "FR",
    "ShippingLatitude": "48.8623267",
    "ShippingLongitude": "2.3505639",
    "ShippingPostalCode": "75003",
    "status": ""
  },
  {
    "name": "Escoot Bordeaux",
    "Phone": "+33768822114",
    "ShippingCity": "Bordeaux",
    "ShippingStreet": "153 Rue Bouthier",
    "ShippingCountry": "France",
    "ShippingCountryCode": "FR",
    "ShippingLatitude": "44.8517574",
    "ShippingLongitude": "-.5562921",
    "ShippingPostalCode": "33100",
    "status": ""
  },
  {
    "name": "Prestomoto",
    "Phone": "+330660479138",
    "ShippingCity": "Six-Fours-Les-Plages",
    "ShippingStreet": "1508 Avenue de la Mer",
    "ShippingCountry": "France",
    "ShippingCountryCode": "FR",
    "ShippingLatitude": "43.1042599",
    "ShippingLongitude": "5.8187856",
    "ShippingPostalCode": "83140",
    "status": ""
  },
  {
    "name": "SARL Cycles Soiteur",
    "Phone": "+33297830368",
    "ShippingCity": "Lorient",
    "ShippingStreet": "227 rue de Belgique",
    "ShippingCountry": "France",
    "ShippingCountryCode": "FR",
    "ShippingLatitude": "47.7622761",
    "ShippingLongitude": "-3.3902604",
    "ShippingPostalCode": "56100",
    "status": ""
  },
  {
    "name": "Atelier Dynamic Sport",
    "Phone": "+33142813970",
    "ShippingCity": "Paris",
    "ShippingStreet": "21 rue Turgot",
    "ShippingCountry": "France",
    "ShippingCountryCode": "FR",
    "ShippingLatitude": "48.8807994",
    "ShippingLongitude": "2.3449974",
    "ShippingPostalCode": "75009",
    "status": ""
  },
  {
    "name": "L'atelier du 2 Roues",
    "Phone": "+33985026844",
    "ShippingCity": "Saint-Pée-sur-Nivelle",
    "ShippingStreet": "264 Route de souraide",
    "ShippingCountry": "France",
    "ShippingCountryCode": "FR",
    "ShippingLatitude": "43.348806",
    "ShippingLongitude": "-1.548116",
    "ShippingPostalCode": "64310",
    "status": ""
  }
]
